"Date","Price","Open","High","Low","Vol.","Change %"
"01/06/2023","354.00","359.50","359.50","349.00","0.13K","-0.03%"
"01/05/2023","354.10","359.50","361.80","352.10","0.17K","-1.78%"
"01/04/2023","360.50","366.00","370.00","360.50","0.14K","-0.83%"
"01/03/2023","363.50","370.20","370.20","362.00","0.12K","-1.94%"
"01/01/2023","370.70","370.70","370.70","370.70","","-0.80%"
"12/30/2022","373.70","381.60","381.60","370.70","0.15K","-2.63%"
"12/29/2022","383.80","396.00","396.00","380.40","0.11K","-2.49%"
"12/28/2022","393.60","396.80","400.70","391.70","0.26K","-0.71%"
"12/27/2022","396.40","381.60","401.80","377.60","0.38K","3.23%"
"12/25/2022","384.00","384.00","384.00","384.00","","0.00%"
"12/23/2022","384.00","380.20","387.80","379.40","0.27K","0.66%"
"12/22/2022","381.50","372.00","381.90","372.00","0.23K","0.95%"
"12/21/2022","377.90","375.10","378.80","368.40","0.36K","0.75%"
"12/20/2022","375.10","374.90","380.90","362.40","0.60K","-0.32%"
"12/19/2022","376.30","387.20","389.80","370.40","0.55K","-3.12%"
"12/16/2022","388.40","390.00","391.90","379.70","0.35K","-1.67%"
"12/15/2022","395.00","391.20","396.00","387.90","0.28K","-0.50%"
"12/14/2022","397.00","401.70","405.80","391.20","0.32K","-2.22%"
"12/13/2022","406.00","418.80","426.40","404.00","0.30K","-1.17%"
"12/12/2022","410.80","415.00","415.00","407.50","0.09K","-0.41%"
"12/09/2022","412.50","407.90","414.50","403.50","0.21K","0.00%"
"12/08/2022","412.50","434.00","434.60","410.10","0.20K","-3.94%"
"12/07/2022","429.40","414.50","436.40","412.30","0.48K","3.44%"
"12/06/2022","415.10","405.20","415.10","398.60","0.39K","6.14%"
"12/05/2022","391.10","395.50","402.50","382.80","0.27K","-1.24%"
"12/02/2022","396.00","405.70","406.60","389.40","0.38K","-3.65%"
"12/01/2022","411.00","430.00","432.20","405.60","0.51K","-4.29%"
"11/30/2022","429.40","424.00","429.50","417.00","0.33K","1.32%"
"11/29/2022","423.80","423.20","428.70","416.50","0.30K","0.31%"
"11/28/2022","422.50","422.80","431.00","418.90","0.24K","0.05%"
"11/25/2022","422.30","437.10","439.40","422.30","0.16K","-2.25%"
"11/23/2022","432.00","427.10","442.50","422.30","0.17K","0.54%"
"11/22/2022","429.70","440.90","445.00","426.10","0.24K","-1.22%"
"11/21/2022","435.00","425.10","445.00","425.10","0.21K","1.99%"
"11/18/2022","426.50","431.00","438.70","425.10","0.18K","-3.16%"
"11/17/2022","440.40","428.00","445.00","424.00","0.18K","2.42%"
"11/16/2022","430.00","429.30","437.30","421.20","0.20K","-5.45%"
"11/15/2022","454.80","450.00","460.00","450.00","0.04K","1.70%"
"11/14/2022","447.20","441.50","448.00","425.00","0.03K","0.58%"
"11/11/2022","444.60","440.20","452.80","439.80","0.04K","-3.35%"
"11/10/2022","460.00","456.40","460.00","450.40","0.03K","0.00%"
"11/09/2022","460.00","458.00","460.00","453.50","0.03K","1.97%"
"11/08/2022","451.10","459.30","459.30","450.00","0.03K","-0.86%"
"11/07/2022","455.00","438.00","458.80","438.00","0.08K","4.60%"
"11/04/2022","435.00","435.20","435.20","420.20","0.10K","0.00%"
"11/03/2022","435.00","448.50","449.00","426.60","0.14K","-3.33%"
"11/02/2022","450.00","458.80","465.30","450.00","0.15K","-1.66%"
"11/01/2022","457.60","460.10","469.00","457.60","0.16K","-0.87%"
"10/31/2022","461.60","465.50","470.00","459.10","0.19K","-1.16%"
"10/28/2022","467.00","476.50","480.00","465.50","0.29K","-3.71%"
"10/27/2022","485.00","492.90","493.00","477.40","0.13K","-2.39%"
"10/26/2022","496.90","482.90","496.90","470.90","0.35K","1.74%"
"10/25/2022","488.40","500.90","500.90","486.60","0.31K","-3.57%"
"10/24/2022","506.50","528.70","541.50","502.70","0.29K","-6.03%"
"10/21/2022","539.00","543.50","550.00","531.20","0.43K","0.99%"
"10/20/2022","533.70","520.40","538.80","520.40","0.45K","0.49%"
"10/19/2022","531.10","511.90","540.00","508.00","0.48K","2.71%"
"10/18/2022","517.10","513.90","518.70","491.00","0.32K","1.47%"
"10/17/2022","509.60","492.20","520.40","485.50","0.51K","3.16%"
"10/14/2022","494.00","497.80","503.40","487.10","0.42K","-0.86%"
"10/13/2022","498.30","466.50","498.50","463.60","0.27K","1.92%"
"10/12/2022","488.90","479.80","497.00","473.50","0.32K","2.13%"
"10/11/2022","478.70","458.20","485.20","454.40","0.45K","5.74%"
"10/10/2022","452.70","448.60","452.70","432.10","0.16K","1.59%"
"10/07/2022","445.60","444.30","459.00","437.60","0.27K","-2.00%"
"10/06/2022","454.70","441.40","468.60","441.30","0.37K","4.15%"
"10/05/2022","436.60","434.00","437.60","421.20","0.21K","0.60%"
"10/04/2022","434.00","436.00","448.00","426.20","0.30K","1.88%"
"10/03/2022","426.00","437.70","442.30","421.30","0.40K","0.83%"
"09/30/2022","422.50","418.70","429.70","412.50","0.37K","2.82%"
"09/29/2022","410.90","431.90","432.40","402.80","0.59K","-5.06%"
"09/28/2022","432.80","443.70","451.00","420.10","0.28K","0.82%"
"09/27/2022","429.30","426.10","448.50","422.00","0.37K","4.50%"
"09/26/2022","410.80","432.70","443.90","410.70","0.45K","-5.56%"
"09/23/2022","435.00","451.80","455.00","430.10","0.55K","-5.48%"
"09/22/2022","460.20","489.90","489.90","460.00","0.36K","-7.22%"
"09/21/2022","496.00","521.70","522.20","492.10","0.30K","-3.82%"
"09/20/2022","515.70","503.60","527.00","502.00","0.33K","6.95%"
"09/19/2022","482.20","479.10","486.40","461.40","0.17K","0.21%"
"09/16/2022","481.20","488.90","488.90","469.50","0.24K","-0.48%"
"09/15/2022","483.50","499.00","499.00","482.00","0.01K","-5.38%"
"09/14/2022","511.00","549.70","549.70","511.00","0.04K","-8.75%"
"09/13/2022","560.00","550.00","567.00","548.00","0.19K","0.92%"
"09/12/2022","554.90","514.70","554.90","511.00","0.08K","9.02%"
"09/09/2022","509.00","511.90","519.90","504.70","0.05K","-0.86%"
"09/08/2022","513.40","500.90","514.90","499.00","0.10K","1.56%"
"09/07/2022","505.50","490.00","509.00","485.10","0.09K","3.16%"
"09/06/2022","490.00","492.20","496.30","485.00","0.08K","-0.93%"
"09/04/2022","494.60","494.60","494.60","494.60","","0.16%"
"09/02/2022","493.80","492.40","499.00","484.00","0.09K","-1.18%"
"09/01/2022","499.70","514.40","517.70","489.00","0.13K","-1.83%"
"08/31/2022","509.00","500.20","516.50","500.20","0.19K","0.83%"
"08/30/2022","504.80","503.70","514.00","495.20","0.27K","-2.17%"
"08/29/2022","516.00","523.40","524.50","509.80","0.15K","-1.45%"
"08/26/2022","523.60","520.00","549.00","511.80","0.16K","0.69%"
"08/25/2022","520.00","495.40","529.90","495.20","0.18K","4.97%"
"08/24/2022","495.40","522.00","529.40","490.00","0.31K","-3.99%"
"08/23/2022","516.00","504.60","530.00","503.20","0.25K","3.20%"
"08/22/2022","500.00","514.30","516.60","500.00","0.28K","-3.85%"
"08/19/2022","520.00","558.90","558.90","516.60","0.39K","-8.05%"
"08/18/2022","565.50","595.90","596.20","560.00","0.25K","-5.50%"
"08/17/2022","598.40","592.50","609.70","588.00","0.26K","0.39%"
"08/16/2022","596.10","581.80","598.30","577.80","0.21K","1.22%"
"08/15/2022","588.90","590.10","604.70","576.60","0.22K","0.03%"
"08/12/2022","588.70","602.70","611.40","583.80","0.22K","-1.16%"
"08/11/2022","595.60","621.70","635.60","577.10","0.65K","-1.03%"
"08/10/2022","601.80","573.00","601.80","573.00","0.49K","8.86%"
"08/09/2022","552.80","528.50","565.00","528.40","0.38K","6.45%"
"08/08/2022","519.30","489.00","528.20","483.20","0.40K","8.37%"
"08/05/2022","479.20","501.10","518.50","473.60","0.28K","-4.16%"
"08/04/2022","500.00","491.00","502.00","470.60","0.37K","1.38%"
"08/03/2022","493.20","521.00","521.30","483.00","0.36K","-5.37%"
"08/02/2022","521.20","541.00","541.00","520.40","0.23K","-2.43%"
"08/01/2022","534.20","529.80","545.20","514.10","0.35K","1.35%"
"07/29/2022","527.10","534.60","535.10","523.10","0.31K","-1.79%"
"07/28/2022","536.70","555.20","559.20","531.00","0.37K","-3.33%"
"07/27/2022","555.20","549.00","561.60","542.00","0.20K","-0.25%"
"07/26/2022","556.60","565.30","574.50","531.20","0.37K","-2.73%"
"07/25/2022","572.20","583.00","583.00","554.30","0.28K","-2.24%"
"07/22/2022","585.30","617.00","617.00","576.20","0.26K","-6.08%"
"07/21/2022","623.20","623.80","630.00","599.40","0.24K","-1.33%"
"07/20/2022","631.60","648.10","648.50","623.10","0.13K","-2.27%"
"07/19/2022","646.30","642.10","648.70","628.20","0.15K","0.86%"
"07/18/2022","640.80","655.00","659.90","626.20","0.18K","-6.04%"
"07/15/2022","682.00","655.00","682.00","655.00","0.19K","6.56%"
"07/14/2022","640.00","640.00","645.70","635.00","0.05K","-1.84%"
"07/13/2022","652.00","650.00","660.00","643.50","0.07K","1.09%"
"07/12/2022","645.00","656.60","656.60","643.00","0.03K","-2.44%"
"07/11/2022","661.10","660.00","670.00","640.30","0.03K","0.32%"
"07/08/2022","659.00","666.10","677.50","650.00","0.03K","-1.35%"
"07/07/2022","668.00","640.00","672.00","640.00","0.06K","5.20%"
"07/06/2022","635.00","650.00","650.00","610.30","0.08K","-0.78%"
"07/05/2022","640.00","654.00","654.00","626.60","0.06K","-2.59%"
"07/03/2022","657.00","657.00","657.00","657.00","","0.00%"
"07/01/2022","657.00","660.00","682.60","650.00","0.12K","-0.95%"
"06/30/2022","663.30","635.00","670.00","629.10","0.21K","4.69%"
"06/29/2022","633.60","628.00","642.50","624.20","0.20K","2.59%"
"06/28/2022","617.60","602.80","630.50","602.50","0.16K","1.08%"
"06/27/2022","611.00","603.10","617.50","603.10","0.09K","0.39%"
"06/24/2022","608.60","622.00","625.00","608.50","0.15K","-1.36%"
"06/23/2022","617.00","610.70","623.00","591.10","0.20K","0.88%"
"06/22/2022","611.60","628.80","630.10","603.30","0.29K","0.25%"
"06/21/2022","610.10","591.80","630.10","591.20","0.42K","4.17%"
"06/19/2022","585.70","585.70","585.70","585.70","","0.79%"
"06/17/2022","581.10","574.50","591.80","566.60","0.25K","2.13%"
"06/16/2022","569.00","560.10","578.90","556.00","0.22K","0.98%"
"06/15/2022","563.50","546.70","568.40","530.80","0.38K","4.74%"
"06/14/2022","538.00","519.30","552.70","518.50","0.22K","1.89%"
"06/13/2022","528.00","549.60","554.60","517.00","0.19K","-5.02%"
"06/10/2022","555.90","555.80","564.50","550.00","0.16K","-2.18%"
"06/09/2022","568.30","570.00","582.00","558.10","0.18K","-0.82%"
"06/08/2022","573.00","591.40","592.00","566.10","0.27K","-3.99%"
"06/07/2022","596.80","601.10","610.90","585.40","0.21K","-0.58%"
"06/06/2022","600.30","634.70","634.70","589.00","0.19K","-3.69%"
"06/03/2022","623.30","605.00","630.00","595.60","0.30K","4.14%"
"06/02/2022","598.50","600.80","624.00","594.00","0.34K","-1.66%"
"06/01/2022","608.60","644.80","644.80","604.50","0.42K","-6.87%"
"05/31/2022","653.50","698.80","699.20","649.80","0.27K","-6.74%"
"05/29/2022","700.70","700.70","700.70","700.70","","0.81%"
"05/27/2022","695.10","698.70","715.00","670.00","0.26K","1.77%"
"05/26/2022","683.00","670.90","690.00","659.10","0.24K","4.79%"
"05/25/2022","651.80","659.50","665.00","647.80","0.17K","-1.24%"
"05/24/2022","660.00","644.50","672.00","636.30","0.15K","1.24%"
"05/23/2022","651.90","670.10","675.00","640.60","0.19K","-2.31%"
"05/20/2022","667.30","675.00","690.50","655.00","0.15K","-3.36%"
"05/19/2022","690.50","728.50","728.50","690.50","0.24K","-6.63%"
"05/18/2022","739.50","778.90","778.90","739.00","0.20K","-6.15%"
"05/17/2022","788.00","804.50","812.20","775.50","0.13K","0.13%"
"05/16/2022","787.00","772.20","792.00","752.40","0.17K","2.42%"
"05/14/2022","768.40","768.40","768.40","768.40","","-16.48%"
"05/13/2022","920.00","985.00","985.00","920.00","0.02K","-8.37%"
"05/12/2022","1,004.00","1,024.90","1,024.90","1,000.00","0.04K","-0.35%"
"05/11/2022","1,007.50","1,011.00","1,025.00","1,007.50","0.10K","-1.42%"
"05/10/2022","1,022.00","1,008.00","1,025.00","1,008.00","0.07K","1.29%"
"05/09/2022","1,009.00","1,000.10","1,015.00","975.00","0.09K","1.00%"
"05/07/2022","999.00","999.00","999.00","999.00","","-0.11%"
"05/06/2022","1,000.10","990.00","1,005.00","985.00","0.15K","-1.95%"
"05/05/2022","1,020.00","1,010.00","1,033.40","993.80","0.13K","0.99%"
"05/04/2022","1,010.00","1,021.60","1,025.50","980.00","0.14K","-2.84%"
"05/03/2022","1,039.50","1,036.00","1,045.00","1,022.00","0.10K","0.46%"
"05/02/2022","1,034.70","1,033.90","1,054.00","1,025.00","0.09K","-0.48%"
"04/29/2022","1,039.70","1,025.00","1,047.40","1,023.00","0.18K","-0.49%"
"04/28/2022","1,044.80","1,044.70","1,045.90","1,020.00","0.08K","-0.72%"
"04/27/2022","1,052.40","1,036.30","1,062.80","1,026.10","0.19K","1.70%"
"04/26/2022","1,034.80","1,009.00","1,049.40","1,008.00","0.18K","1.95%"
"04/25/2022","1,015.00","980.20","1,017.30","945.60","0.15K","1.24%"
"04/22/2022","1,002.60","1,021.10","1,029.90","1,000.00","0.18K","-2.19%"
"04/21/2022","1,025.00","1,005.10","1,041.40","989.80","0.20K","2.95%"
"04/20/2022","995.60","960.00","995.60","945.70","0.25K","6.07%"
"04/19/2022","938.60","945.40","951.50","920.30","0.16K","1.59%"
"04/18/2022","923.90","887.90","924.20","871.70","0.19K","3.93%"
"04/14/2022","889.00","880.30","904.80","862.10","0.16K","0.60%"
"04/13/2022","883.70","876.60","902.50","844.80","0.18K","1.09%"
"04/12/2022","874.20","862.00","890.00","829.30","0.25K","-1.37%"
"04/11/2022","886.30","971.10","992.60","870.00","0.23K","-6.70%"
"04/08/2022","949.90","891.00","949.90","890.00","0.24K","6.38%"
"04/07/2022","892.90","864.90","896.70","846.70","0.35K","1.30%"
"04/06/2022","881.40","925.00","925.00","881.40","0.17K","-6.07%"
"04/05/2022","938.40","973.90","977.80","935.00","0.13K","-2.91%"
"04/04/2022","966.50","965.00","993.30","945.20","0.12K","-1.67%"
"04/02/2022","982.90","982.90","982.90","982.90","","1.87%"
"04/01/2022","964.90","955.20","984.80","929.50","0.32K","-0.04%"
"03/31/2022","965.30","1,012.70","1,043.00","945.00","0.29K","-3.63%"
"03/30/2022","1,001.70","1,075.00","1,084.90","997.00","0.18K","-4.96%"
"03/29/2022","1,054.00","993.80","1,055.00","993.80","0.16K","5.45%"
"03/28/2022","999.50","986.00","1,001.00","977.80","0.07K","-0.84%"
"03/25/2022","1,008.00","1,016.20","1,022.00","974.80","0.25K","-1.18%"
"03/24/2022","1,020.00","1,022.40","1,059.90","1,003.40","0.24K","-3.25%"
"03/23/2022","1,054.30","1,085.20","1,089.80","1,054.30","0.11K","-5.13%"
"03/22/2022","1,111.30","1,100.00","1,130.00","1,042.30","0.32K","-1.51%"
"03/21/2022","1,128.30","1,201.30","1,229.00","1,128.30","0.13K","-4.81%"
"03/18/2022","1,185.30","1,223.40","1,246.00","1,173.50","0.18K","-1.80%"
"03/17/2022","1,207.00","1,152.00","1,207.00","1,150.00","0.24K","4.96%"
"03/16/2022","1,150.00","1,201.00","1,201.00","1,125.00","0.24K","-19.01%"
"03/15/2022","1,420.00","1,420.00","1,420.00","1,420.00","","0.71%"
"03/14/2022","1,410.00","1,348.00","1,430.00","1,348.00","0.03K","0.00%"
"03/11/2022","1,410.00","1,370.00","1,420.00","1,310.00","0.02K","4.56%"
"03/10/2022","1,348.50","1,355.00","1,382.00","1,344.00","0.04K","-0.15%"
"03/09/2022","1,350.50","1,350.60","1,377.10","1,335.90","0.04K","-2.59%"
"03/08/2022","1,386.40","1,411.00","1,425.00","1,385.00","0.06K","-4.79%"
"03/07/2022","1,456.10","1,441.00","1,460.00","1,441.00","0.05K","1.05%"
"03/04/2022","1,441.00","1,477.40","1,477.40","1,396.00","0.08K","-1.60%"
"03/03/2022","1,464.40","1,439.50","1,464.40","1,438.00","0.14K","3.22%"
"03/02/2022","1,418.70","1,395.00","1,433.40","1,395.00","0.13K","3.33%"
"03/01/2022","1,373.00","1,349.00","1,379.50","1,349.00","0.15K","2.72%"
"02/28/2022","1,336.70","1,310.00","1,341.00","1,309.50","0.14K","1.85%"
"02/25/2022","1,312.40","1,319.90","1,331.10","1,295.00","0.22K","0.03%"
"02/24/2022","1,312.00","1,277.70","1,314.50","1,260.00","0.20K","2.74%"
"02/23/2022","1,277.00","1,252.10","1,277.00","1,242.70","0.20K","2.41%"
"02/22/2022","1,247.00","1,265.00","1,293.80","1,241.60","0.27K","-1.43%"
"02/20/2022","1,265.10","1,265.10","1,265.10","1,265.10","","-0.39%"
"02/18/2022","1,270.00","1,275.00","1,319.90","1,261.00","0.25K","-1.58%"
"02/17/2022","1,290.40","1,301.00","1,316.10","1,290.40","0.29K","-2.27%"
"02/16/2022","1,320.40","1,313.70","1,336.00","1,285.00","0.43K","2.28%"
"02/15/2022","1,291.00","1,283.50","1,291.00","1,279.80","0.13K","3.61%"
"02/14/2022","1,246.00","1,207.90","1,246.00","1,202.00","0.22K","2.47%"
"02/11/2022","1,216.00","1,294.90","1,294.90","1,204.90","0.70K","-2.71%"
"02/10/2022","1,249.90","1,249.90","1,249.90","1,249.90","0.13K","3.73%"
"02/09/2022","1,204.90","1,204.90","1,204.90","1,204.90","0.14K","3.88%"
"02/08/2022","1,159.90","1,159.90","1,159.90","1,159.90","0.07K","4.04%"
"02/07/2022","1,114.90","1,114.90","1,114.90","1,114.90","0.10K","4.21%"
"02/04/2022","1,069.90","1,069.90","1,069.90","1,069.90","0.06K","4.39%"
"02/03/2022","1,024.90","1,019.00","1,024.90","1,017.50","0.15K","4.59%"
"02/02/2022","979.90","911.90","979.90","900.90","0.28K","4.81%"
"02/01/2022","934.90","962.80","962.90","934.90","0.30K","-4.59%"
"01/31/2022","979.90","1,049.90","1,053.70","979.90","0.24K","-4.39%"
"01/28/2022","1,024.90","1,001.10","1,024.90","984.10","0.30K","3.02%"
"01/27/2022","994.90","963.70","1,035.80","963.70","1.00K","-1.37%"
"01/26/2022","1,008.70","1,008.70","1,008.70","1,008.70","0.08K","-4.27%"
"01/25/2022","1,053.70","1,053.70","1,053.70","1,053.70","0.05K","-4.10%"
"01/24/2022","1,098.70","1,098.70","1,098.70","1,098.70","0.09K","-3.93%"
"01/21/2022","1,143.70","1,179.80","1,179.80","1,143.70","0.25K","-3.79%"
"01/20/2022","1,188.70","1,208.20","1,233.70","1,188.70","0.31K","-3.65%"
"01/19/2022","1,233.70","1,295.30","1,311.50","1,233.70","0.36K","-3.52%"
"01/18/2022","1,278.70","1,279.70","1,286.00","1,278.70","0.28K","-2.17%"
"01/17/2022","1,307.10","1,307.10","1,307.10","1,307.10","","5.66%"
"01/14/2022","1,237.10","1,270.00","1,289.00","1,210.00","0.07K","0.65%"
"01/13/2022","1,229.10","1,244.70","1,244.70","1,217.00","0.08K","1.41%"
"01/12/2022","1,212.00","1,219.20","1,230.00","1,200.00","0.09K","0.59%"
"01/11/2022","1,204.90","1,161.00","1,205.00","1,155.00","0.06K","3.87%"
"01/10/2022","1,160.00","1,196.80","1,196.80","1,158.00","0.04K","-2.36%"
"01/07/2022","1,188.00","1,199.00","1,199.00","1,174.00","0.04K","-0.29%"
"01/06/2022","1,191.40","1,175.00","1,191.40","1,154.00","0.07K","2.75%"
"01/05/2022","1,159.50","1,139.70","1,162.80","1,139.70","0.08K","2.34%"
"01/04/2022","1,133.00","1,107.20","1,141.00","1,107.10","0.09K","1.89%"
"01/03/2022","1,112.00","1,131.00","1,131.00","1,109.10","0.10K","-3.13%"
"12/31/2021","1,147.90","1,145.00","1,151.00","1,127.70","0.06K","-0.85%"
"12/30/2021","1,157.70","1,160.00","1,170.20","1,139.40","0.10K","-1.00%"
"12/29/2021","1,169.40","1,132.80","1,172.10","1,101.70","0.19K","2.36%"
"12/28/2021","1,142.40","1,128.00","1,142.40","1,126.80","0.17K","4.10%"
"12/27/2021","1,097.40","1,076.40","1,097.40","1,070.00","0.16K","4.28%"
"12/23/2021","1,052.40","1,026.20","1,052.40","1,026.20","0.13K","2.93%"
"12/22/2021","1,022.40","1,000.70","1,025.10","990.20","0.21K","1.75%"
"12/21/2021","1,004.80","1,038.60","1,043.70","999.10","0.42K","-3.76%"
"12/20/2021","1,044.10","1,063.00","1,063.00","1,044.10","0.19K","-4.13%"
"12/17/2021","1,089.10","1,105.00","1,115.00","1,089.10","0.23K","-2.68%"
"12/16/2021","1,119.10","1,122.10","1,125.00","1,105.00","0.26K","0.87%"
"12/15/2021","1,109.50","1,099.00","1,135.40","1,085.20","0.27K","0.37%"
"12/14/2021","1,105.40","1,129.00","1,136.90","1,080.00","0.22K","-0.80%"
"12/13/2021","1,114.30","1,103.50","1,114.30","1,073.00","0.25K","4.21%"
"12/10/2021","1,069.30","1,069.30","1,069.30","1,028.60","0.32K","4.39%"
"12/09/2021","1,024.30","1,024.30","1,024.30","1,024.30","0.08K","4.60%"
"12/08/2021","979.30","950.60","979.30","950.60","0.12K","3.16%"
"12/07/2021","949.30","971.00","977.50","900.70","0.36K","1.35%"
"12/06/2021","936.70","902.80","936.70","902.80","0.10K","3.61%"
"12/04/2021","904.10","904.10","904.10","904.10","","-0.29%"
"12/03/2021","906.70","925.00","939.90","897.40","0.34K","-0.85%"
"12/02/2021","914.50","898.50","914.50","872.10","0.33K","5.18%"
"12/01/2021","869.50","854.60","869.50","854.60","0.27K","5.46%"
"11/30/2021","824.50","804.70","824.50","804.70","0.38K","3.78%"
"11/29/2021","794.50","773.00","796.20","769.60","0.22K","3.69%"
"11/26/2021","766.20","770.80","779.50","764.20","0.15K","-3.20%"
"11/24/2021","791.50","783.00","804.50","777.10","0.13K","1.55%"
"11/23/2021","779.40","780.10","789.30","760.10","0.18K","0.88%"
"11/22/2021","772.60","800.50","831.80","772.00","0.45K","-3.65%"
"11/19/2021","801.90","764.50","802.00","748.00","0.64K","5.93%"
"11/18/2021","757.00","735.70","757.00","702.20","0.53K","6.32%"
"11/17/2021","712.00","697.20","712.00","697.00","0.13K","6.75%"
"11/16/2021","667.00","649.00","667.00","649.00","0.16K","24.44%"
"11/15/2021","536.00","531.10","550.00","531.10","0.02K","-0.76%"
"11/12/2021","540.10","565.90","570.80","530.10","0.07K","-1.80%"
"11/11/2021","550.00","589.50","590.00","531.10","0.05K","-6.22%"
"11/10/2021","586.50","588.00","590.00","580.10","0.05K","-0.17%"
"11/09/2021","587.50","592.00","598.10","587.50","0.03K","-0.61%"
"11/08/2021","591.10","595.60","629.90","591.10","0.06K","-3.89%"
"11/05/2021","615.00","605.30","616.30","590.10","0.04K","1.49%"
"11/04/2021","606.00","609.30","620.00","600.00","0.05K","-0.54%"
"11/03/2021","609.30","579.80","624.00","579.80","0.10K","5.14%"
"11/02/2021","579.50","575.00","583.40","565.80","0.06K","1.13%"
"11/01/2021","573.00","595.20","595.20","571.00","0.09K","-3.14%"
"10/29/2021","591.60","610.50","616.80","588.50","0.19K","-3.59%"
"10/28/2021","613.60","621.70","632.40","610.70","0.17K","-2.60%"
"10/27/2021","630.00","642.00","642.00","624.00","0.20K","-2.84%"
"10/26/2021","648.40","657.20","657.20","644.10","0.24K","-1.76%"
"10/25/2021","660.00","668.00","680.00","650.40","0.27K","-1.14%"
"10/22/2021","667.60","679.00","697.90","662.40","0.17K","-1.68%"
"10/21/2021","679.00","676.00","691.60","662.00","0.19K","0.40%"
"10/20/2021","676.30","689.90","700.10","675.00","0.24K","-4.34%"
"10/19/2021","707.00","754.70","760.60","707.00","0.35K","-5.61%"
"10/18/2021","749.00","760.10","780.00","745.00","0.15K","-1.43%"
"10/15/2021","759.90","765.90","779.70","746.00","0.16K","-1.57%"
"10/14/2021","772.00","758.30","781.50","750.20","0.18K","1.81%"
"10/13/2021","758.30","730.00","769.60","719.20","0.21K","3.79%"
"10/12/2021","730.60","758.90","789.60","720.10","0.36K","-3.92%"
"10/11/2021","760.40","725.00","762.80","725.00","0.34K","5.49%"
"10/08/2021","720.80","678.90","725.00","670.00","0.48K","6.52%"
"10/07/2021","676.70","631.30","676.70","630.00","0.23K","6.62%"
"10/06/2021","634.70","646.80","648.80","626.00","0.08K","-0.91%"
"10/05/2021","640.50","634.00","655.00","620.20","0.13K","1.22%"
"10/04/2021","632.80","622.00","635.00","622.00","0.07K","1.23%"
"10/01/2021","625.10","637.10","644.50","607.90","0.21K","-0.38%"
"09/30/2021","627.50","600.50","648.50","596.00","0.31K","3.46%"
"09/29/2021","606.50","616.00","624.50","603.00","0.16K","-1.49%"
"09/28/2021","615.70","634.00","642.00","603.50","0.21K","-4.10%"
"09/27/2021","642.00","647.90","657.50","635.10","0.10K","-0.16%"
"09/24/2021","643.00","645.00","655.40","633.50","0.15K","0.66%"
"09/23/2021","638.80","639.20","659.70","632.70","0.23K","1.88%"
"09/22/2021","627.00","602.90","628.80","598.00","0.15K","4.15%"
"09/21/2021","602.00","603.30","618.00","594.30","0.19K","1.43%"
"09/20/2021","593.50","623.00","623.00","592.00","0.16K","-6.39%"
"09/17/2021","634.00","617.00","635.90","617.00","0.24K","6.75%"
"09/16/2021","593.90","599.80","599.80","578.30","0.09K","30.70%"
"09/15/2021","454.40","461.40","463.00","454.40","0.03K","-3.52%"
"09/14/2021","471.00","514.00","514.00","470.00","0.08K","-6.84%"
"09/13/2021","505.60","514.90","515.00","500.00","0.04K","-0.51%"
"09/10/2021","508.20","514.00","530.00","508.00","0.08K","1.52%"
"09/09/2021","500.60","497.60","510.00","497.60","0.03K","0.62%"
"09/08/2021","497.50","510.00","514.00","496.40","0.07K","-3.96%"
"09/07/2021","518.00","545.00","587.40","511.10","0.08K","-5.34%"
"09/03/2021","547.20","520.90","555.00","516.80","0.15K","5.86%"
"09/02/2021","516.90","481.90","520.90","481.90","0.28K","8.25%"
"09/01/2021","477.50","482.10","485.00","470.00","0.12K","-1.10%"
"08/31/2021","482.80","483.70","492.00","472.00","0.12K","-0.14%"
"08/30/2021","483.50","486.60","498.50","481.10","0.21K","-0.35%"
"08/27/2021","485.20","504.50","504.90","475.50","0.30K","-2.00%"
"08/26/2021","495.10","489.90","516.00","487.40","0.17K","0.81%"
"08/25/2021","491.10","489.00","518.00","480.10","0.20K","2.29%"
"08/24/2021","480.10","505.00","507.40","475.30","0.22K","-3.75%"
"08/23/2021","498.80","485.00","511.60","477.60","0.26K","5.08%"
"08/20/2021","474.70","454.20","475.00","448.00","0.30K","4.51%"
"08/19/2021","454.20","470.70","492.00","454.10","0.31K","-2.95%"
"08/18/2021","468.00","453.10","486.70","452.00","0.23K","2.59%"
"08/17/2021","456.20","460.00","472.00","452.20","0.24K","-3.12%"
"08/16/2021","470.90","497.90","497.90","460.30","0.29K","-4.91%"
"08/13/2021","495.20","498.90","524.80","485.60","0.19K","-1.04%"
"08/12/2021","500.40","485.60","518.90","480.40","0.24K","1.32%"
"08/11/2021","493.90","500.00","507.40","482.90","0.22K","-2.22%"
"08/10/2021","505.10","530.10","530.10","502.30","0.18K","-4.72%"
"08/09/2021","530.10","544.70","568.00","528.00","0.15K","-3.90%"
"08/06/2021","551.60","520.80","557.20","513.00","0.25K","5.49%"
"08/05/2021","522.90","540.10","552.00","522.20","0.27K","-7.37%"
"08/04/2021","564.50","592.00","592.00","564.50","0.14K","-6.92%"
"08/03/2021","606.50","625.00","625.00","601.60","0.24K","-4.58%"
"08/02/2021","635.60","623.10","650.00","604.00","0.22K","2.32%"
"07/30/2021","621.20","630.40","634.30","601.10","0.18K","-0.11%"
"07/29/2021","621.90","620.00","640.00","593.00","0.31K","2.25%"
"07/28/2021","608.20","559.80","620.00","543.00","0.37K","4.50%"
"07/27/2021","582.00","608.00","608.00","582.00","0.21K","-6.73%"
"07/26/2021","624.00","658.20","664.40","620.30","0.21K","-1.58%"
"07/23/2021","634.00","649.00","700.00","616.10","0.57K","-2.01%"
"07/22/2021","647.00","600.00","647.00","590.20","0.56K","10.79%"
"07/21/2021","584.00","584.00","584.00","555.00","0.35K","7.75%"
"07/20/2021","542.00","563.30","577.20","535.00","0.21K","-1.83%"
"07/19/2021","552.10","525.00","572.20","500.00","0.51K","2.93%"
"07/16/2021","536.40","555.60","574.50","535.00","0.46K","9.31%"
"07/15/2021","490.70","504.50","522.70","490.00","0.03K","-5.89%"
"07/14/2021","521.40","559.00","575.00","521.40","0.04K","-12.95%"
"07/13/2021","599.00","675.00","675.00","600.00","0.08K","-12.55%"
"07/12/2021","685.00","701.50","719.50","678.00","0.08K","-2.49%"
"07/09/2021","702.50","708.50","708.50","687.50","0.05K","-2.16%"
"07/08/2021","718.00","758.70","758.70","705.00","0.07K","-7.95%"
"07/07/2021","780.00","795.00","809.70","763.70","0.09K","-1.63%"
"07/06/2021","792.90","751.00","825.60","746.70","0.11K","4.78%"
"07/02/2021","756.70","739.00","762.00","731.00","0.07K","2.91%"
"07/01/2021","735.30","716.00","740.10","683.30","0.08K","2.70%"
"06/30/2021","716.00","748.00","758.00","705.00","0.11K","-5.54%"
"06/29/2021","758.00","780.00","841.20","758.00","0.27K","-5.25%"
"06/28/2021","800.00","771.70","842.30","716.30","0.41K","2.66%"
"06/25/2021","779.30","823.60","828.40","779.30","0.32K","-7.48%"
"06/24/2021","842.30","891.60","914.40","842.30","0.45K","-4.75%"
"06/23/2021","884.30","881.90","901.50","860.70","0.29K","-0.70%"
"06/22/2021","890.50","932.50","938.00","890.50","0.44K","-4.50%"
"06/21/2021","932.50","897.10","939.90","859.80","0.43K","3.85%"
"06/18/2021","897.90","899.90","931.50","855.10","0.43K","-0.77%"
"06/17/2021","904.90","937.60","988.00","904.90","0.47K","-6.51%"
"06/16/2021","967.90","989.30","1,023.00","967.90","0.34K","-4.16%"
"06/15/2021","1,009.90","950.00","1,059.20","943.70","0.68K","1.38%"
"06/14/2021","996.20","1,006.50","1,040.00","996.20","0.37K","-5.95%"
"06/11/2021","1,059.20","1,088.10","1,088.10","1,059.20","0.29K","-5.61%"
"06/10/2021","1,122.20","1,164.10","1,168.00","1,122.20","0.23K","-3.61%"
"06/09/2021","1,164.20","1,160.10","1,199.00","1,142.10","0.31K","-0.24%"
"06/08/2021","1,167.00","1,209.50","1,209.50","1,158.20","0.30K","-4.44%"
"06/07/2021","1,221.20","1,228.40","1,259.90","1,221.20","0.27K","-4.91%"
"06/04/2021","1,284.20","1,291.30","1,315.50","1,284.20","0.13K","-3.17%"
"06/03/2021","1,326.20","1,345.00","1,380.00","1,279.30","0.34K","-0.32%"
"06/02/2021","1,330.50","1,249.00","1,330.50","1,205.10","0.40K","4.97%"
"06/01/2021","1,267.50","1,315.00","1,322.00","1,267.50","0.25K","-3.21%"
"05/28/2021","1,309.50","1,303.50","1,338.50","1,287.10","0.21K","-1.02%"
"05/27/2021","1,323.00","1,328.40","1,379.70","1,303.80","0.22K","-1.22%"
"05/26/2021","1,339.40","1,361.60","1,430.50","1,334.00","0.56K","-4.12%"
"05/25/2021","1,397.00","1,421.30","1,442.00","1,397.00","0.19K","-2.92%"
"05/24/2021","1,439.00","1,507.10","1,514.80","1,390.00","0.55K","-0.96%"
"05/21/2021","1,453.00","1,445.00","1,453.00","1,430.30","0.25K","4.53%"
"05/20/2021","1,390.00","1,385.20","1,390.00","1,352.20","0.25K","4.75%"
"05/19/2021","1,327.00","1,201.00","1,327.00","1,201.00","0.64K","4.98%"
"05/18/2021","1,264.00","1,273.80","1,289.60","1,264.00","0.32K","-4.75%"
"05/17/2021","1,327.00","1,376.30","1,376.30","1,327.00","0.47K","-15.26%"
"05/14/2021","1,566.00","1,540.00","1,560.00","1,540.00","0.01K","-3.93%"
"05/13/2021","1,630.00","1,630.00","1,675.00","1,577.40","0.04K","1.24%"
"05/12/2021","1,610.00","1,590.00","1,638.40","1,570.00","0.05K","-1.21%"
"05/11/2021","1,629.80","1,585.50","1,630.00","1,550.50","0.09K","1.80%"
"05/10/2021","1,601.00","1,666.80","1,711.20","1,600.00","0.10K","-5.04%"
"05/07/2021","1,686.00","1,677.00","1,702.00","1,652.00","0.06K","2.49%"
"05/06/2021","1,645.00","1,622.60","1,700.00","1,622.60","0.07K","0.62%"
"05/05/2021","1,634.90","1,639.00","1,639.00","1,585.00","0.05K","1.61%"
"05/04/2021","1,609.00","1,592.00","1,615.00","1,589.70","0.08K","2.12%"
"05/03/2021","1,575.60","1,520.60","1,600.00","1,520.60","0.16K","5.00%"
"04/30/2021","1,500.50","1,460.60","1,502.30","1,460.00","0.15K","3.18%"
"04/29/2021","1,454.30","1,425.50","1,454.30","1,425.10","0.19K","2.25%"
"04/28/2021","1,422.30","1,421.70","1,452.20","1,391.40","0.18K","0.13%"
"04/27/2021","1,420.50","1,460.70","1,468.50","1,374.10","0.23K","0.00%"
"04/26/2021","1,420.50","1,385.80","1,420.50","1,385.70","0.14K","3.50%"
"04/23/2021","1,372.50","1,340.20","1,372.50","1,340.20","0.21K","3.62%"
"04/22/2021","1,324.50","1,297.10","1,324.50","1,297.00","0.22K","2.48%"
"04/21/2021","1,292.50","1,251.70","1,311.20","1,243.70","0.55K","1.08%"
"04/20/2021","1,278.70","1,349.50","1,374.70","1,278.70","0.48K","-3.62%"
"04/19/2021","1,326.70","1,291.70","1,326.70","1,287.50","0.14K","2.47%"
"04/16/2021","1,294.70","1,284.70","1,300.00","1,263.90","0.38K","2.70%"
"04/15/2021","1,260.70","1,235.70","1,260.70","1,225.80","0.25K","3.96%"
"04/14/2021","1,212.70","1,185.00","1,212.70","1,183.00","0.21K","2.71%"
"04/13/2021","1,180.70","1,189.50","1,205.50","1,161.10","0.28K","2.00%"
"04/12/2021","1,157.50","1,120.70","1,157.50","1,120.00","0.16K","2.84%"
"04/09/2021","1,125.50","1,109.70","1,143.00","1,103.50","0.16K","1.73%"
"04/08/2021","1,106.40","1,081.70","1,106.40","1,064.50","0.34K","2.98%"
"04/07/2021","1,074.40","1,055.10","1,075.40","1,053.50","0.21K","2.88%"
"04/06/2021","1,044.30","1,023.30","1,048.30","1,023.20","0.27K","2.28%"
"04/05/2021","1,021.00","1,013.20","1,032.80","1,013.20","0.18K","0.83%"
"04/01/2021","1,012.60","1,012.60","1,022.80","1,006.00","0.23K","0.35%"
"03/31/2021","1,009.10","989.00","1,014.10","985.00","0.26K","1.97%"
"03/30/2021","989.60","974.00","997.20","963.20","0.27K","2.53%"
"03/29/2021","965.20","947.50","974.80","941.50","0.17K","1.28%"
"03/26/2021","953.00","969.30","969.30","949.00","0.20K","-2.11%"
"03/25/2021","973.50","943.00","973.80","935.50","0.23K","2.93%"
"03/24/2021","945.80","942.40","949.80","917.40","0.15K","0.36%"
"03/23/2021","942.40","935.20","950.90","922.00","0.25K","1.75%"
"03/22/2021","926.20","900.00","933.60","864.00","0.41K","4.47%"
"03/19/2021","886.60","860.00","886.60","857.70","0.24K","3.74%"
"03/18/2021","854.60","862.10","879.90","844.70","0.15K","0.05%"
"03/17/2021","854.20","838.00","866.70","826.30","0.26K","1.69%"
"03/16/2021","840.00","851.20","863.80","830.50","0.21K","-19.23%"
"03/15/2021","1,040.00","1,002.60","1,045.00","1,002.60","0.00K","3.16%"
"03/12/2021","1,008.10","972.00","1,008.10","972.00","0.06K","3.71%"
"03/11/2021","972.00","978.30","993.00","966.00","0.06K","-1.31%"
"03/10/2021","984.90","998.70","999.00","969.00","0.05K","-0.53%"
"03/09/2021","990.10","985.90","998.00","985.00","0.10K","0.12%"
"03/08/2021","988.90","991.00","994.00","976.00","0.06K","0.60%"
"03/05/2021","983.00","988.70","991.00","969.90","0.06K","0.20%"
"03/04/2021","981.00","982.00","994.00","977.00","0.06K","0.10%"
"03/03/2021","980.00","975.00","1,000.80","975.00","0.07K","-1.06%"
"03/02/2021","990.50","965.00","994.00","957.00","0.21K","1.69%"
"03/01/2021","974.00","1,000.00","1,015.70","959.00","0.12K","-2.17%"
"02/26/2021","995.60","1,007.00","1,011.00","986.70","0.17K","-1.13%"
"02/25/2021","1,007.00","1,010.80","1,013.70","996.10","0.12K","-0.38%"
"02/24/2021","1,010.80","1,014.40","1,021.50","997.00","0.20K","-0.72%"
"02/23/2021","1,018.10","1,024.20","1,030.40","989.80","0.21K","-0.36%"
"02/22/2021","1,021.80","982.00","1,022.30","982.00","0.36K","3.18%"
"02/19/2021","990.30","1,004.00","1,004.50","978.90","0.30K","-1.41%"
"02/18/2021","1,004.50","986.90","1,004.90","984.10","0.30K","1.79%"
"02/17/2021","986.80","995.90","996.30","980.30","0.29K","-0.56%"
"02/16/2021","992.40","979.00","994.90","968.30","0.27K","1.05%"
"02/12/2021","982.10","979.00","991.90","970.70","0.23K","0.32%"
"02/11/2021","979.00","950.80","982.80","950.80","0.37K","2.97%"
"02/10/2021","950.80","943.80","970.00","941.60","0.16K","0.40%"
"02/09/2021","947.00","926.90","950.90","920.00","0.18K","0.74%"
"02/08/2021","940.00","950.00","951.00","905.60","0.24K","2.66%"
"02/05/2021","915.60","881.00","915.60","880.00","0.17K","3.62%"
"02/04/2021","883.60","884.00","889.40","867.70","0.13K","-0.05%"
"02/03/2021","884.00","866.00","889.40","850.40","0.17K","3.10%"
"02/02/2021","857.40","869.40","876.90","842.90","0.18K","-1.54%"
"02/01/2021","870.80","887.00","890.00","859.00","0.30K","-1.83%"
"01/29/2021","887.00","888.80","897.00","868.80","0.27K","-0.63%"
"01/28/2021","892.60","858.00","897.00","858.00","0.17K","3.19%"
"01/27/2021","865.00","870.00","875.00","828.80","0.24K","1.16%"
"01/26/2021","855.10","831.40","855.10","831.40","0.26K","3.89%"
"01/25/2021","823.10","828.00","842.90","800.60","0.40K","3.40%"
"01/22/2021","796.00","796.00","796.00","796.00","0.41K","6.42%"
"01/21/2021","748.00","739.40","748.00","732.00","0.20K","6.86%"
"01/20/2021","700.00","679.20","700.00","679.20","0.25K","4.79%"
"01/19/2021","668.00","657.00","683.70","651.40","0.12K","-16.51%"
"01/15/2021","800.10","821.00","830.00","800.10","0.01K","-5.09%"
"01/14/2021","843.00","810.00","868.80","810.00","0.06K","4.07%"
"01/13/2021","810.00","822.00","822.00","810.00","0.01K","-1.46%"
"01/12/2021","822.00","841.00","841.00","810.00","0.08K","-2.55%"
"01/11/2021","843.50","865.00","871.30","840.30","0.08K","-3.05%"
"01/08/2021","870.00","895.10","895.10","870.00","0.02K","-2.16%"
"01/07/2021","889.20","896.00","905.00","889.20","0.04K","-1.42%"
"01/06/2021","902.00","884.60","912.20","870.00","0.11K","2.79%"
"01/05/2021","877.50","867.50","885.00","864.90","0.15K","0.08%"
"01/04/2021","876.80","873.10","883.00","864.00","0.12K","22.12%"
"01/01/2021","718.00","718.00","718.00","718.00","","-17.76%"
"12/31/2020","873.10","869.10","875.00","847.00","0.16K","-0.09%"
"12/30/2020","873.90","883.10","883.10","867.70","0.12K","-1.60%"
"12/29/2020","888.10","884.50","896.60","858.80","0.19K","0.35%"
"12/28/2020","885.00","897.10","897.10","866.00","0.16K","0.07%"
"12/24/2020","884.40","872.00","889.60","872.00","0.11K","1.75%"
"12/23/2020","869.20","885.00","895.00","863.20","0.30K","-1.74%"
"12/22/2020","884.60","892.30","900.50","871.00","0.32K","0.26%"
"12/21/2020","882.30","829.40","882.30","829.40","0.28K","3.76%"
"12/18/2020","850.30","851.10","853.60","827.00","0.37K","1.21%"
"12/17/2020","840.10","825.00","850.60","814.60","0.29K","2.63%"
"12/16/2020","818.60","829.30","830.50","794.00","0.29K","-0.90%"
"12/15/2020","826.00","826.90","845.00","801.20","0.38K","1.60%"
"12/14/2020","813.00","800.00","819.80","785.00","0.28K","2.26%"
"12/11/2020","795.00","796.10","801.60","762.20","0.40K","1.08%"
"12/10/2020","786.50","747.50","786.50","747.50","0.44K","4.24%"
"12/09/2020","754.50","736.70","757.20","736.70","0.32K","4.04%"
"12/08/2020","725.20","702.70","728.80","701.40","0.34K","4.08%"
"12/07/2020","696.80","680.00","697.80","680.00","0.28K","2.68%"
"12/04/2020","678.60","666.70","678.70","659.20","0.30K","2.82%"
"12/03/2020","660.00","657.50","663.40","653.60","0.18K","1.69%"
"12/02/2020","649.00","633.00","657.40","633.00","0.30K","2.17%"
"12/01/2020","635.20","641.20","648.90","634.50","0.24K","-0.25%"
"11/30/2020","636.80","627.50","648.00","615.00","0.26K","0.94%"
"11/27/2020","630.90","620.50","632.10","614.30","0.05K","2.24%"
"11/25/2020","617.10","603.00","625.00","599.20","0.13K","2.76%"
"11/24/2020","600.50","612.00","612.10","586.60","0.26K","-2.89%"
"11/23/2020","618.40","635.00","635.00","614.10","0.19K","-1.86%"
"11/20/2020","630.10","625.80","641.30","622.00","0.20K","2.14%"
"11/19/2020","616.90","595.20","627.70","593.50","0.23K","3.56%"
"11/18/2020","595.70","615.90","622.10","593.10","0.22K","-2.44%"
"11/17/2020","610.60","596.30","617.70","590.80","0.34K","2.88%"
"11/16/2020","593.50","574.80","599.40","574.80","0.17K","0.75%"
"11/13/2020","589.10","579.90","589.10","572.90","0.06K","5.38%"
"11/12/2020","559.00","565.00","569.00","559.00","0.05K","-1.84%"
"11/11/2020","569.50","580.00","580.00","569.20","0.02K","-1.81%"
"11/10/2020","580.00","569.90","589.40","569.90","0.06K","-0.85%"
"11/09/2020","585.00","565.00","585.00","565.00","0.05K","5.37%"
"11/06/2020","555.20","565.00","569.30","540.80","0.08K","-1.89%"
"11/05/2020","565.90","552.50","567.10","552.00","0.10K","3.08%"
"11/04/2020","549.00","528.20","553.50","528.20","0.09K","2.35%"
"11/03/2020","536.40","515.70","540.10","510.90","0.23K","5.80%"
"11/02/2020","507.00","498.50","514.90","495.00","0.24K","2.30%"
"10/30/2020","495.60","498.00","501.00","492.80","0.27K","-0.38%"
"10/29/2020","497.50","502.20","502.20","493.90","0.19K","-0.38%"
"10/28/2020","499.40","500.00","509.00","490.80","0.32K","-1.15%"
"10/27/2020","505.20","502.80","518.40","498.00","0.23K","0.44%"
"10/26/2020","503.00","510.00","514.10","498.60","0.27K","-2.39%"
"10/23/2020","515.30","529.40","529.40","512.60","0.27K","-3.03%"
"10/22/2020","531.40","521.80","538.10","518.60","0.20K","1.80%"
"10/21/2020","522.00","528.30","536.50","520.00","0.24K","-1.82%"
"10/20/2020","531.70","556.10","567.20","531.70","0.35K","-3.45%"
"10/19/2020","550.70","536.00","552.90","534.00","0.27K","3.13%"
"10/16/2020","534.00","540.00","546.90","533.40","0.23K","-0.69%"
"10/15/2020","537.70","541.30","546.90","536.00","0.17K","-2.04%"
"10/14/2020","548.90","540.50","554.40","540.50","0.17K","2.52%"
"10/13/2020","535.40","535.20","537.50","525.00","0.18K","-0.07%"
"10/12/2020","535.80","550.00","550.00","530.80","0.21K","-3.86%"
"10/09/2020","557.30","586.30","586.30","557.30","0.28K","-4.95%"
"10/08/2020","586.30","573.50","586.30","571.40","0.20K","3.35%"
"10/07/2020","567.30","571.50","580.40","560.10","0.17K","-2.71%"
"10/06/2020","583.10","602.00","607.00","583.10","0.16K","-3.16%"
"10/05/2020","602.10","600.00","609.50","578.60","0.17K","-0.15%"
"10/02/2020","603.00","612.60","612.60","603.00","0.15K","-3.05%"
"10/01/2020","622.00","620.20","629.50","605.20","0.20K","1.60%"
"09/30/2020","612.20","592.70","621.20","592.70","0.27K","1.66%"
"09/29/2020","602.20","568.80","603.50","557.60","0.22K","4.08%"
"09/28/2020","578.60","611.10","630.00","578.60","0.25K","-4.77%"
"09/25/2020","607.60","575.20","607.60","569.80","0.23K","5.01%"
"09/24/2020","578.60","636.50","636.60","578.60","0.35K","-4.77%"
"09/23/2020","607.60","604.10","607.60","595.40","0.13K","5.01%"
"09/22/2020","578.60","554.60","578.60","550.10","0.34K","5.28%"
"09/21/2020","549.60","549.60","549.60","549.60","0.09K","-5.01%"
"09/18/2020","578.60","597.60","608.40","578.60","0.22K","-3.18%"
"09/17/2020","597.60","610.10","629.00","593.00","0.32K","-2.35%"
"09/16/2020","612.00","633.30","637.40","611.40","0.48K","-33.48%"
"09/15/2020","920.00","955.00","955.00","920.00","0.01K","-6.55%"
"09/14/2020","984.50","953.50","1,000.00","950.00","0.07K","3.85%"
"09/11/2020","948.00","943.00","949.00","934.00","0.04K","0.96%"
"09/10/2020","939.00","909.00","945.00","899.00","0.08K","4.33%"
"09/09/2020","900.00","883.00","910.90","875.00","0.12K","2.86%"
"09/08/2020","875.00","871.00","905.00","871.00","0.10K","-0.56%"
"09/04/2020","879.90","810.00","888.00","781.90","0.18K","6.01%"
"09/03/2020","830.00","888.30","888.30","805.00","0.17K","-8.11%"
"09/02/2020","903.30","924.90","925.00","900.00","0.08K","-2.71%"
"09/01/2020","928.50","931.00","933.00","898.10","0.16K","0.05%"
"08/31/2020","928.00","917.50","934.50","917.50","0.30K","1.37%"
"08/28/2020","915.50","916.30","916.30","883.30","0.92K","3.18%"
"08/27/2020","887.30","887.30","887.30","887.30","0.28K","3.38%"
"08/26/2020","858.30","847.10","858.30","844.30","0.32K","3.50%"
"08/25/2020","829.30","796.30","829.30","791.30","0.84K","2.34%"
"08/24/2020","810.30","839.10","859.90","801.90","1.33K","-2.48%"
"08/21/2020","830.90","819.00","830.90","811.50","0.76K","3.62%"
"08/20/2020","801.90","789.90","801.90","778.00","0.71K","2.43%"
"08/19/2020","782.90","770.60","783.00","767.00","0.78K","3.83%"
"08/18/2020","754.00","751.00","754.00","751.00","0.38K","2.59%"
"08/17/2020","735.00","724.00","738.50","709.60","0.51K","1.17%"
"08/14/2020","726.50","734.10","748.00","703.20","0.85K","0.21%"
"08/13/2020","725.00","710.00","725.00","703.00","0.51K","2.69%"
"08/12/2020","706.00","695.00","710.50","691.70","0.56K","3.60%"
"08/11/2020","681.50","662.50","681.50","660.00","0.42K","2.87%"
"08/10/2020","662.50","650.00","664.90","646.30","0.25K","2.24%"
"08/07/2020","648.00","649.40","659.40","630.00","0.73K","1.00%"
"08/06/2020","641.60","626.50","641.60","618.90","0.29K","3.05%"
"08/05/2020","622.60","612.40","624.60","603.20","0.45K","1.92%"
"08/04/2020","610.90","597.70","611.00","586.60","0.37K","2.47%"
"08/03/2020","596.20","595.00","600.80","584.10","0.28K","1.78%"
"07/31/2020","585.80","594.80","598.80","575.20","0.55K","0.93%"
"07/30/2020","580.40","588.80","589.30","567.00","0.45K","-0.79%"
"07/29/2020","585.00","574.10","585.90","569.00","0.26K","3.19%"
"07/28/2020","566.90","568.00","579.20","561.90","0.35K","-0.18%"
"07/27/2020","567.90","555.10","570.40","555.10","0.44K","4.89%"
"07/24/2020","541.40","531.60","541.40","531.50","0.33K","3.64%"
"07/23/2020","522.40","511.00","529.50","505.00","0.46K","2.33%"
"07/22/2020","510.50","509.00","524.00","484.20","0.77K","-0.53%"
"07/21/2020","513.20","529.50","529.50","513.20","0.32K","-3.57%"
"07/20/2020","532.20","553.00","564.30","531.80","0.56K","-3.38%"
"07/17/2020","550.80","534.60","553.20","531.10","0.57K","5.07%"
"07/16/2020","524.20","508.00","524.20","508.00","0.49K","-12.63%"
"07/15/2020","600.00","600.00","600.00","600.00","0.00K","2.92%"
"07/14/2020","583.00","553.00","583.00","553.00","0.01K","9.30%"
"07/13/2020","533.40","544.10","549.90","533.40","0.02K","-1.04%"
"07/10/2020","539.00","499.00","570.00","499.00","0.06K","8.02%"
"07/09/2020","499.00","486.30","499.00","482.30","0.09K","2.89%"
"07/08/2020","485.00","470.20","487.00","465.00","0.04K","2.97%"
"07/07/2020","471.00","466.10","474.80","461.20","0.05K","2.37%"
"07/06/2020","460.10","449.60","460.00","449.60","0.05K","2.70%"
"07/02/2020","448.00","443.70","454.00","443.70","0.07K","2.14%"
"07/01/2020","438.60","439.00","439.30","435.10","0.06K","0.67%"
"06/30/2020","435.70","428.70","438.30","427.20","0.14K","2.25%"
"06/29/2020","426.10","425.10","430.40","422.30","0.10K","-1.02%"
"06/26/2020","430.50","440.00","447.70","427.50","0.21K","-1.17%"
"06/25/2020","435.60","426.80","444.00","426.80","0.15K","1.59%"
"06/24/2020","428.80","438.10","438.90","422.70","0.25K","-2.70%"
"06/23/2020","440.70","430.00","441.30","427.30","0.25K","2.46%"
"06/22/2020","430.10","418.00","435.10","417.90","0.39K","2.06%"
"06/19/2020","421.40","409.90","424.70","407.50","0.42K","5.01%"
"06/18/2020","401.30","385.70","401.30","382.80","0.46K","4.97%"
"06/17/2020","382.30","371.10","386.00","367.10","0.38K","2.38%"
"06/16/2020","373.40","364.70","375.00","364.70","0.41K","3.35%"
"06/15/2020","361.30","351.10","362.60","351.10","0.22K","1.89%"
"06/12/2020","354.60","354.70","360.10","351.00","0.20K","1.03%"
"06/11/2020","351.00","360.70","368.90","349.70","0.33K","-3.04%"
"06/10/2020","362.00","357.80","367.50","354.00","0.18K","1.23%"
"06/09/2020","357.60","369.80","369.80","354.00","0.28K","-3.56%"
"06/08/2020","370.80","368.80","376.80","368.80","0.31K","0.54%"
"06/05/2020","368.80","361.60","368.80","360.60","0.28K","3.54%"
"06/04/2020","356.20","350.10","357.30","350.10","0.20K","2.33%"
"06/03/2020","348.10","359.60","359.60","346.30","0.26K","-2.49%"
"06/02/2020","357.00","362.20","362.30","356.50","0.20K","-1.46%"
"06/01/2020","362.30","362.30","367.70","362.20","0.15K","-1.31%"
"05/29/2020","367.10","367.90","370.30","362.20","0.23K","-0.33%"
"05/28/2020","368.30","362.60","378.50","354.60","0.47K","2.33%"
"05/27/2020","359.90","357.80","361.90","356.00","0.11K","0.87%"
"05/26/2020","356.80","371.50","375.00","353.80","0.25K","-2.91%"
"05/22/2020","367.50","370.00","374.00","363.90","0.18K","-0.76%"
"05/21/2020","370.30","366.00","376.00","362.10","0.35K","0.76%"
"05/20/2020","367.50","353.20","372.80","349.90","0.38K","3.73%"
"05/19/2020","354.30","350.00","355.80","348.10","0.21K","2.34%"
"05/18/2020","346.20","349.80","351.00","343.30","0.14K","3.96%"
"05/15/2020","333.00","328.50","328.50","328.50","0.00K","-3.06%"
"05/14/2020","343.50","335.10","345.00","335.10","0.04K","2.51%"
"05/13/2020","335.10","334.40","345.00","334.40","0.03K","-1.73%"
"05/12/2020","341.00","342.00","342.00","342.00","0.02K","3.02%"
"05/11/2020","331.00","344.10","349.00","331.00","0.05K","-3.39%"
"05/08/2020","342.60","335.00","342.60","335.00","0.04K","3.19%"
"05/07/2020","332.00","322.20","333.10","320.20","0.03K","1.41%"
"05/06/2020","327.40","337.00","340.00","325.20","0.07K","-2.62%"
"05/05/2020","336.20","334.70","339.70","334.70","0.07K","1.88%"
"05/04/2020","330.00","331.70","334.90","328.00","0.07K","0.92%"
"05/01/2020","327.00","320.00","332.30","320.00","0.07K","2.28%"
"04/30/2020","319.70","320.60","324.70","314.50","0.07K","0.57%"
"04/29/2020","317.90","325.00","325.00","317.30","0.03K","-2.63%"
"04/28/2020","326.50","314.00","331.50","314.00","0.10K","3.45%"
"04/27/2020","315.60","318.30","318.30","311.10","0.06K","-2.08%"
"04/24/2020","322.30","323.70","330.20","320.00","0.11K","-0.89%"
"04/23/2020","325.20","329.20","333.30","324.70","0.13K","-1.28%"
"04/22/2020","329.40","323.70","329.40","320.90","0.18K","3.75%"
"04/21/2020","317.50","324.70","325.60","314.00","0.23K","-3.35%"
"04/20/2020","328.50","333.00","340.60","326.00","0.26K","-3.86%"
"04/17/2020","341.70","337.90","344.70","329.90","0.24K","2.74%"
"04/16/2020","332.60","322.10","338.80","317.50","0.26K","2.65%"
"04/15/2020","324.00","332.60","334.40","317.50","0.22K","-2.11%"
"04/14/2020","331.00","335.50","344.40","330.00","0.28K","-0.81%"
"04/13/2020","333.70","326.10","334.70","322.00","0.19K","3.60%"
"04/10/2020","322.10","322.10","322.10","322.10","","0.00%"
"04/09/2020","322.10","312.60","322.10","295.20","0.27K","5.92%"
"04/08/2020","304.10","309.50","313.80","300.70","0.20K","-1.07%"
"04/07/2020","307.40","294.10","309.00","294.10","0.29K","9.01%"
"04/06/2020","282.00","282.00","282.00","282.00","0.09K","6.82%"
"04/03/2020","264.00","260.60","265.60","255.50","0.15K","-0.04%"
"04/02/2020","264.10","260.40","277.00","258.20","0.25K","1.66%"
"04/01/2020","259.80","271.10","271.20","251.50","0.35K","-6.71%"
"03/31/2020","278.50","293.00","293.00","278.50","0.37K","-6.07%"
"03/30/2020","296.50","305.50","307.10","296.00","0.22K","-4.75%"
"03/27/2020","311.30","312.40","317.70","308.00","0.20K","-2.96%"
"03/26/2020","320.80","316.30","322.20","311.30","0.20K","2.95%"
"03/25/2020","311.60","319.60","320.00","307.90","0.21K","-3.08%"
"03/24/2020","321.50","328.90","329.40","317.00","0.20K","0.41%"
"03/23/2020","320.20","321.40","326.80","310.90","0.16K","-0.65%"
"03/20/2020","322.30","325.90","335.40","319.00","0.29K","0.78%"
"03/19/2020","319.80","306.40","321.40","306.40","0.29K","5.41%"
"03/18/2020","303.40","305.40","309.90","292.90","0.43K","-2.13%"
"03/17/2020","310.00","318.50","318.50","305.30","0.53K","-4.62%"
"03/16/2020","325.00","325.00","325.00","325.00","0.06K","-7.14%"
"03/13/2020","350.00","343.00","350.00","335.00","0.01K","6.03%"
"03/12/2020","330.10","330.00","360.00","330.00","0.02K","-11.62%"
"03/11/2020","373.50","373.40","382.70","371.00","0.04K","-1.40%"
"03/10/2020","378.80","377.60","378.80","370.30","0.04K","2.27%"
"03/09/2020","370.40","391.40","399.10","370.40","0.06K","-7.49%"
"03/06/2020","400.40","406.70","406.70","394.10","0.09K","-1.74%"
"03/05/2020","407.50","404.00","411.00","404.00","0.10K","-0.66%"
"03/04/2020","410.20","403.10","413.50","398.50","0.06K","1.51%"
"03/03/2020","404.10","416.50","420.50","401.50","0.11K","-2.77%"
"03/02/2020","415.60","402.90","416.10","397.70","0.11K","4.06%"
"02/28/2020","399.40","404.40","404.40","394.00","0.46K","-3.06%"
"02/27/2020","412.00","418.90","419.10","409.50","0.39K","-3.63%"
"02/26/2020","427.50","442.10","442.40","423.20","0.44K","-1.79%"
"02/25/2020","435.30","440.20","442.80","433.20","0.43K","-1.76%"
"02/24/2020","443.10","449.00","451.30","442.10","0.56K","-3.69%"
"02/21/2020","460.10","462.00","464.50","459.20","0.37K","-0.63%"
"02/20/2020","463.00","465.00","468.30","460.70","0.50K","0.59%"
"02/19/2020","460.30","451.20","464.10","451.20","0.54K","3.18%"
"02/18/2020","446.10","448.40","452.00","444.80","0.22K","-0.71%"
"02/14/2020","449.30","451.50","452.80","445.90","0.25K","-1.27%"
"02/13/2020","455.10","456.20","459.90","453.50","0.50K","0.13%"
"02/12/2020","454.50","451.00","457.00","447.90","0.49K","0.69%"
"02/11/2020","451.40","445.10","454.00","442.50","0.55K","1.21%"
"02/10/2020","446.00","440.20","450.90","440.20","0.72K","1.32%"
"02/07/2020","440.20","432.50","443.90","432.50","0.50K","1.62%"
"02/06/2020","433.20","428.10","434.90","428.10","0.36K","1.14%"
"02/05/2020","428.30","415.60","429.50","413.90","0.69K","3.78%"
"02/04/2020","412.70","419.50","422.40","407.00","1.14K","-2.39%"
"02/03/2020","422.80","434.30","439.00","418.80","0.66K","-2.92%"
"01/31/2020","435.50","436.60","438.40","430.00","0.44K","-0.14%"
"01/30/2020","436.10","427.60","438.90","424.20","0.45K","1.89%"
"01/29/2020","428.00","427.10","432.80","426.10","0.23K","0.21%"
"01/28/2020","427.10","420.00","429.20","419.50","0.33K","1.50%"
"01/27/2020","420.80","420.00","422.90","417.20","0.52K","-1.27%"
"01/24/2020","426.20","425.30","432.30","425.30","0.32K","0.05%"
"01/23/2020","426.00","425.90","426.80","420.20","0.24K","0.19%"
"01/22/2020","425.20","425.90","432.70","423.80","0.23K","0.12%"
"01/21/2020","424.70","429.60","431.10","424.20","0.35K","-1.23%"
"01/17/2020","430.00","438.00","444.40","429.10","0.64K","0.28%"
"01/16/2020","428.80","425.80","434.90","420.80","0.28K","10.34%"
"01/15/2020","388.60","390.00","398.00","388.50","0.04K","-0.36%"
"01/14/2020","390.00","391.00","391.10","387.70","0.08K","-0.91%"
"01/13/2020","393.60","394.70","395.00","389.00","0.03K","0.41%"
"01/10/2020","392.00","390.60","393.90","390.40","0.05K","0.23%"
"01/09/2020","391.10","400.10","401.60","387.30","0.09K","-1.73%"
"01/08/2020","398.00","395.40","402.90","394.00","0.13K","0.66%"
"01/07/2020","395.40","393.20","400.00","393.00","0.11K","-0.40%"
"01/06/2020","397.00","405.00","405.00","396.90","0.20K","-1.64%"